Start Time,End Time,Name,PaperId,Presenter,Demo,Options,Great Together,Ok Together,Not Ok Together,Don't know if should be together,Interested in,Options 11-20,More button1 clicked,More button2 clicked,Specials 1-3,Specials 4-6,Comments
2013-10-22T22:30:17Z,2013-10-22T22:32:31Z,Sean Munson,cscw233,Sean Munson,,"cscw648,cscw517,cscw387,cscw542,cscw537,cscw327,cscw487,cscw395,cscw637,cscw596",,"cscw517,cscw542,cscw395","cscw596,cscw537","cscw487,cscw327,cscw648,cscw387,cscw637","cscw542,cscw395,cscw387","cscw145,cscw526,cscw624,cscw305,cscw142,cscw390,cscw590,cscw211,cscw647,cscw443",FALSE,FALSE,,,
2013-10-22T22:29:29Z,2013-10-22T22:34:45Z,Zhen Yue,cscw352,Zhen Yue,yes,"cscw443,cscw178,cscw191,cscw333,cscw190,cscw293,cscw274,cscw550,cscw626,cscw474","cscw293,cscw191,cscw550",cscw443,cscw178,"cscw626,cscw190,cscw474,cscw333,cscw274","cscw191,cscw550","cscw492,cscw253,cscw268,cscw241,cscw625,cscw471,cscw566,cscw302,cscw356,cscw527",FALSE,FALSE,,,
2013-10-22T22:29:53Z,2013-10-22T22:36:46Z,Alexander Quinn,cscw626,Alexander Quinn,yes,"cscw352,cscw527,cscw663,cscw223,cscw440,cscw647,cscw597,cscw602,cscw317,cscw105","cscw440,cscw105,cscw597,cscw647,cscw317",,"cscw602,cscw223,cscw663,cscw527,cscw352",,"cscw317,cscw352,cscw647,cscw527,cscw440,cscw597,cscw105","cscw487,cscw486,cscw374,cscw443,cscw293,cscw191,cscw637,cscw530,cscw625,cscw365",FALSE,FALSE,,,
2013-10-22T22:30:19Z,2013-10-22T22:37:13Z,Paul André,cscw317,Paul André,,"cscw597,cscw629,cscw188,cscw391,cscw647,cscw626,cscw440,cscw105,cscw584,cscw254","cscw626,cscw254","cscw105,cscw391","cscw440,cscw188","cscw584,cscw629,cscw597,cscw647","cscw254,cscw629,cscw626","cscw588,cscw558,cscw488,cscw668,cscw431,cscw432,cscw486,cscw590,cscw487,cscw548",TRUE,FALSE,,,:)
2013-10-22T22:32:21Z,2013-10-22T22:39:12Z,Audrey Desjardins,cscw471,Audrey Desjardins,,"cscw209,cscw663,cscw487,cscw191,cscw188,cscw579,cscw243,cscw354,cscw495,cscw352",cscw579,"cscw204,cscw243,cscw209,cscw274","cscw487,cscw241,cscw566,cscw191,cscw190,cscw222,cscw663,cscw188,cscw495,cscw431,cscw354,cscw390,cscw253,cscw352,cscw558",,"cscw579,cscw209","cscw558,cscw431,cscw274,cscw253,cscw566,cscw204,cscw390,cscw241,cscw190,cscw222",TRUE,FALSE,,,
2013-10-22T22:39:20Z,2013-10-22T22:44:39Z,N. Sadat Shami,cscw308,N. Sadat Shami,,"cscw108,cscw387,cscw358,cscw648,cscw473,cscw223,cscw130,cscw494,cscw277,cscw590","cscw387,cscw358","cscw130,cscw473,cscw277",cscw223,"cscw648,cscw108,cscw590,cscw494","cscw277,cscw130,cscw494,cscw473,cscw358","cscw430,cscw295,cscw391,cscw530,cscw374,cscw211,cscw221,cscw566,cscw474,cscw390",FALSE,FALSE,,,
2013-10-22T22:32:15Z,2013-10-22T22:52:18Z,Airi Lampinen,cscw374,Airi Lampinen,,"cscw559,cscw647,cscw369,cscw493,cscw527,cscw302,cscw228,cscw413,cscw626,cscw668","cscw369,cscw559","cscw228,cscw668","cscw626,cscw413","cscw302,cscw527,cscw647,cscw493","cscw493,cscw668,cscw228,cscw559,cscw369","cscw411,cscw305,cscw387,cscw440,cscw310,cscw499,cscw599,cscw128,cscw624,cscw586",FALSE,FALSE,,,
2013-10-22T22:58:09Z,2013-10-22T23:00:19Z, Gina Venolia,cscw558,Meredith Morris,,"cscw550,cscw462,cscw354,cscw599,cscw293,cscw474,cscw390,cscw609,cscw228,cscw598",cscw462,"cscw293,cscw609,cscw598,cscw599","cscw228,cscw474,cscw354,cscw390",cscw550,,"cscw317,cscw209,cscw188,cscw387,cscw191,cscw204,cscw240,cscw636,cscw277,cscw647",FALSE,FALSE,,,
2013-10-22T22:59:10Z,2013-10-22T23:03:37Z, Marcelo Cataldo,cscw395,Kate Ehrlich,,"cscw493,cscw590,cscw285,cscw233,cscw494,cscw254,cscw355,cscw305,cscw211,cscw622",cscw211,"cscw254,cscw233","cscw305,cscw590,cscw493,cscw355","cscw285,cscw494,cscw622",cscw211,"cscw387,cscw609,cscw252,cscw369,cscw624,cscw413,cscw438,cscw391,cscw390,cscw128",FALSE,FALSE,,,
2013-10-22T22:59:10Z,2013-10-22T23:03:51Z, Marcelo Cataldo,cscw395,Kate Ehrlich,,"cscw493,cscw590,cscw285,cscw233,cscw494,cscw254,cscw355,cscw305,cscw211,cscw622",cscw211,"cscw254,cscw233","cscw305,cscw590,cscw493,cscw355","cscw285,cscw494,cscw622",cscw211,"cscw387,cscw609,cscw252,cscw369,cscw624,cscw413,cscw438,cscw391,cscw390,cscw128",FALSE,FALSE,,,
2013-10-22T22:59:10Z,2013-10-22T23:03:57Z, Marcelo Cataldo,cscw395,Kate Ehrlich,,"cscw493,cscw590,cscw285,cscw233,cscw494,cscw254,cscw355,cscw305,cscw211,cscw622",cscw211,"cscw254,cscw233","cscw305,cscw590,cscw493,cscw355","cscw285,cscw494,cscw622",cscw211,"cscw387,cscw609,cscw252,cscw369,cscw624,cscw413,cscw438,cscw391,cscw390,cscw128",FALSE,FALSE,,,
2013-10-22T22:59:10Z,2013-10-22T23:03:57Z, Marcelo Cataldo,cscw395,Kate Ehrlich,,"cscw493,cscw590,cscw285,cscw233,cscw494,cscw254,cscw355,cscw305,cscw211,cscw622",cscw211,"cscw254,cscw233","cscw305,cscw590,cscw493,cscw355","cscw285,cscw494,cscw622",cscw211,"cscw387,cscw609,cscw252,cscw369,cscw624,cscw413,cscw438,cscw391,cscw390,cscw128",FALSE,FALSE,,,
2013-10-22T22:59:10Z,2013-10-22T23:03:58Z, Marcelo Cataldo,cscw395,Kate Ehrlich,,"cscw493,cscw590,cscw285,cscw233,cscw494,cscw254,cscw355,cscw305,cscw211,cscw622",cscw211,"cscw254,cscw233","cscw305,cscw590,cscw493,cscw355","cscw285,cscw494,cscw622",cscw211,"cscw387,cscw609,cscw252,cscw369,cscw624,cscw413,cscw438,cscw391,cscw390,cscw128",FALSE,FALSE,,,
2013-10-22T23:04:53Z,2013-10-22T23:06:59Z,Karim Said,cscw462,Karim Said,,"cscw413,cscw333,cscw609,cscw473,cscw550,cscw430,cscw369,cscw599,cscw558,cscw285",,"cscw609,cscw599,cscw333,cscw550,cscw558",,"cscw369,cscw285,cscw473,cscw413,cscw430","cscw430,cscw473,cscw285,cscw599,cscw558,cscw550,cscw609","cscw409,cscw624,cscw598,cscw399,cscw299,cscw310,cscw100,cscw243,cscw252,cscw339",FALSE,FALSE,,,
2013-10-22T23:26:56Z,2013-10-22T23:30:59Z,Jessica Lingel,cscw493,Jessica Lingel,,"cscw399,cscw310,cscw241,cscw590,cscw622,cscw374,cscw547,cscw299,cscw499,cscw161","cscw241,cscw374","cscw299,cscw547,cscw622,cscw399","cscw161,cscw499","cscw590,cscw310","cscw499,cscw547,cscw374,cscw241","cscw486,cscw369,cscw624,cscw119,cscw277,cscw285,cscw492,cscw147,cscw609,cscw128",FALSE,FALSE,,,
2013-10-22T23:31:20Z,2013-10-22T23:34:35Z,Jessica Lingel,cscw178,Jessica Lingel,,"cscw526,cscw550,cscw105,cscw492,cscw471,cscw240,cscw190,cscw285,cscw608,cscw302","cscw302,cscw240,cscw526,cscw492","cscw608,cscw471",,"cscw190,cscw285,cscw105,cscw550","cscw492,cscw471,cscw302,cscw240","cscw191,cscw599,cscw566,cscw241,cscw493,cscw391,cscw413,cscw274,cscw374,cscw253",FALSE,FALSE,,,
2013-10-22T23:34:23Z,2013-10-22T23:42:44Z,Jennifer Marlow,cscw310,Jennifer Marlow,,"cscw105,tochi100,cscw438,cscw274,cscw369,cscw253,cscw599,cscw358,cscw494,cscw254","cscw105,cscw494,cscw358","cscw254,cscw252","cscw299,cscw119,cscw598,cscw599,cscw108,cscw493,cscw624,cscw374,cscw438,cscw253,cscw399,cscw274","cscw369,tochi100,cscw430","cscw254,cscw430,cscw438,tochi100,cscw494,cscw358,cscw399,cscw599,cscw105,cscw299","cscw430,cscw252,cscw493,cscw598,cscw108,cscw119,cscw374,cscw624,cscw399,cscw299",TRUE,TRUE,,,
2013-10-22T23:35:47Z,2013-10-22T23:43:26Z,Rannie Teodoro,cscw440,Rannie Teodoro,,"cscw609,cscw586,cscw629,cscw474,cscw647,cscw365,cscw599,cscw486,cscw597,cscw527","cscw365,cscw629,cscw599,cscw527","cscw486,cscw597,cscw474,cscw647",cscw609,cscw586,"cscw586,cscw629,cscw527,cscw599,cscw365","cscw248,cscw550,cscw348,cscw588,cscw626,cscw274,cscw431,cscw317,cscw374,cscw548",FALSE,TRUE,,,
2013-10-22T23:37:28Z,2013-10-22T23:45:45Z, Jim Witschey,cscw608,Jim Witschey,,"cscw542,cscw494,cscw443,cscw178,cscw537,cscw310,cscw147,cscw395,cscw211,cscw191","cscw178,cscw221",cscw228,"cscw293,cscw384,cscw227,cscw191,cscw223,cscw542,cscw310,cscw494,cscw147,cscw354,cscw438,cscw537,cscw239,cscw274,cscw211","cscw443,cscw395","cscw274,cscw223,cscw178","cscw227,cscw293,cscw221,cscw384,cscw239,cscw223,cscw228,cscw274,cscw438,cscw354",TRUE,TRUE,,,
2013-10-23T00:11:17Z,2013-10-23T00:17:01Z,Robert Miller,cscw542,Robert Miller,yes,"cscw443,cscw608,cscw211,cscw147,cscw647,cscw233,cscw305,cscw637,cscw431,cscw354","cscw443,cscw233,cscw211",,"cscw647,cscw431","cscw305,cscw608,cscw147,cscw354,cscw637","cscw629,cscw191,cscw233,cscw354,cscw647,cscw443,cscw293,cscw488","cscw487,cscw488,cscw327,cscw663,cscw596,cscw629,cscw293,cscw191,cscw579,cscw277",FALSE,TRUE,,,
2013-10-23T00:01:58Z,2013-10-23T00:17:20Z,Nelson Wong,cscw490,Nelson Wong,,"cscw530,cscw223,cscw637,cscw356,cscw625,cscw602,cscw221,cscw411,cscw229,cscw142",cscw637,,"cscw588,cscw517,cscw348,cscw221,cscw602,cscw526,cscw229,cscw223,cscw142,cscw108,cscw473,cscw188,cscw625,cscw354,cscw355,cscw411,cscw254,cscw530",cscw356,"cscw356,cscw473,cscw142,cscw517","cscw108,cscw188,cscw354,cscw526,cscw517,cscw254,cscw588,cscw473,cscw355,cscw348",TRUE,TRUE,,,
2013-10-23T00:25:50Z,2013-10-23T00:31:17Z, Erin Spottswood,cscw299,Eden Litt,yes,"cscw409,cscw413,cscw100,cscw399,cscw374,cscw369,cscw285,cscw493,cscw119,cscw355","cscw409,cscw413,cscw374,cscw399","cscw119,cscw369,cscw285,cscw100,cscw493,cscw355",,,"cscw413,cscw493,cscw374,cscw399,cscw409","cscw624,cscw609,cscw108,cscw252,cscw395,cscw499,cscw462,cscw358,cscw599,cscw455",FALSE,FALSE,,,
2013-10-23T00:35:28Z,2013-10-23T00:48:00Z,Kenneth Shores,cscw620,Kenneth Shores,,"cscw145,cscw648,cscw438,cscw209,cscw190,cscw348,cscw586,cscw356,cscw305,cscw535","cscw348,cscw356","cscw305,cscw648,cscw190,cscw145","cscw487,cscw295,cscw369,cscw440,cscw223,cscw161,cscw494,cscw274","cscw586,cscw588,cscw486,cscw209,cscw438,cscw535","cscw190,cscw588,cscw356,cscw305,cscw535,cscw295,cscw348","cscw588,cscw223,cscw486,cscw487,cscw440,cscw369,cscw161,cscw494,cscw274,cscw295",TRUE,TRUE,,,
2013-10-23T00:46:40Z,2013-10-23T00:51:24Z, Madeline Smith,cscw299,Eden Litt,,"cscw409,cscw413,cscw100,cscw399,cscw374,cscw369,cscw285,cscw493,cscw119,cscw355",,"cscw119,cscw100,cscw409,cscw355,cscw399","cscw369,cscw413,cscw374","cscw285,cscw493","cscw624,cscw493,cscw455,cscw399,cscw100,cscw599","cscw624,cscw609,cscw108,cscw252,cscw395,cscw499,cscw462,cscw358,cscw599,cscw455",FALSE,TRUE,,,
2013-10-23T00:47:19Z,2013-10-23T01:12:54Z,Gloria Mark,cscw358,Gloria Mark,,"cscw310,cscw252,cscw599,cscw430,cscw108,cscw308,cscw387,cscw285,cscw369,cscw473","cscw285,cscw308,cscw252","cscw310,cscw430","cscw299,cscw369,cscw387,cscw108","cscw599,cscw473","cscw430,cscw252,cscw308,cscw285,cscw387","cscw299,cscw493,cscw100,cscw486,cscw240,cscw609,cscw535,cscw119,cscw399,cscw624",TRUE,FALSE,,,My co-authors have another paper and we want these papers to be in different sessions--I think in general it's a good idea to not place multiple papers by the same authors in the same session. It's best to vary the perspective.
2013-10-23T01:00:50Z,2013-10-23T01:14:29Z, Yilin He,cscw620,Kenneth Shores,,"cscw145,cscw648,cscw438,cscw209,cscw190,cscw348,cscw586,cscw356,cscw305,cscw535",cscw648,"cscw348,cscw356","cscw305,cscw209,cscw145,cscw438","cscw586,cscw190,cscw535","cscw356,cscw648,cscw535,cscw348","cscw588,cscw223,cscw486,cscw487,cscw440,cscw369,cscw161,cscw494,cscw274,cscw295",FALSE,FALSE,,,
2013-10-23T01:12:09Z,2013-10-23T01:16:23Z,Aniket Kittur,cscw293,Aniket Kittur,,"cscw558,cscw474,cscw495,cscw228,cscw499,cscw352,cscw634,cscw550,cscw191,cscw443","cscw191,cscw352","cscw474,cscw550,cscw558","cscw634,cscw228,cscw499,cscw495",cscw443,"cscw191,cscw352,cscw305","cscw305,cscw130,cscw387,cscw108,cscw626,cscw432,cscw161,cscw243,cscw602,cscw100",FALSE,TRUE,,,
2013-10-23T01:13:14Z,2013-10-23T01:26:44Z,Gloria Mark,cscw409,Gloria Mark,,"cscw517,cscw570,cscw142,cscw244,cscw145,cscw399,cscw299,cscw527,cscw119,cscw277","cscw299,cscw277,cscw253",cscw142,"cscw119,cscw204,cscw243,cscw285,cscw387,cscw599,cscw527,cscw145,cscw455,cscw413,cscw390,cscw430","cscw517,cscw244,cscw570,cscw399","cscw253,cscw277,cscw285,cscw142","cscw285,cscw455,cscw204,cscw253,cscw243,cscw599,cscw430,cscw387,cscw390,cscw413",TRUE,TRUE,,,"Any paper dealing with affect, face-to-face interaction or Facebook, would be good in a session with our paper."
2013-10-23T00:47:58Z,2013-10-23T01:36:06Z,Tawanna Dillahunt,cscw228,Tawanna Dillahunt,,"cscw130,cscw648,cscw119,cscw369,cscw293,cscw374,cscw558,cscw188,cscw339,cscw227",cscw374,"cscw119,cscw369,cscw188","cscw293,cscw227,cscw648,cscw339","cscw130,cscw558","cscw188,cscw339,cscw227,cscw558","cscw222,cscw559,cscw191,cscw161,cscw204,cscw474,cscw305,cscw430,cscw302,cscw390",FALSE,FALSE,,,
2013-10-23T01:52:39Z,2013-10-23T01:55:44Z, Björn Hartmann,cscw348,Derrick Coetzee,,"cscw305,tochi100,cscw365,cscw391,cscw588,cscw620,cscw440,cscw274,cscw369,cscw636","cscw391,tochi100","cscw636,cscw305","cscw440,cscw274","cscw588,cscw365,cscw369,cscw620",tochi100,"cscw487,cscw668,cscw223,cscw494,cscw327,cscw295,cscw586,cscw648,cscw530,cscw486",FALSE,FALSE,,,
2013-10-23T01:53:53Z,2013-10-23T02:07:02Z,Kate Ehrlich,cscw395,Kate Ehrlich,,"cscw493,cscw590,cscw285,cscw233,cscw494,cscw254,cscw355,cscw305,cscw211,cscw622","cscw285,cscw211","cscw305,cscw254,cscw233","cscw494,cscw493,cscw355","cscw590,cscw622","cscw211,cscw355,cscw590","cscw387,cscw609,cscw252,cscw369,cscw624,cscw413,cscw438,cscw391,cscw390,cscw128",TRUE,FALSE,,,
2013-10-23T02:28:27Z,2013-10-23T02:31:01Z, Jeff Hancock,cscw299,"Erin Spottswood,Eden Litt",,"cscw409,cscw413,cscw100,cscw399,cscw374,cscw369,cscw285,cscw493,cscw119,cscw355","cscw119,cscw285,cscw409,cscw399","cscw100,cscw493,cscw355",,"cscw369,cscw413,cscw374","cscw413,cscw119,cscw399,cscw100,cscw285,cscw409","cscw624,cscw609,cscw108,cscw252,cscw395,cscw499,cscw462,cscw358,cscw599,cscw455",FALSE,FALSE,,,
2013-10-23T02:30:29Z,2013-10-23T02:38:51Z, Karyn Moffatt,cscw240,Robert Ferguson,,"cscw455,cscw210,cscw211,cscw244,cscw295,cscw413,cscw277,cscw221,cscw547,cscw389","cscw295,cscw455","cscw221,cscw244,cscw389,cscw413",,"cscw547,cscw210,cscw277,cscw211","cscw413,cscw624,cscw547,cscw455,cscw221,cscw244,cscw389","cscw596,cscw559,cscw390,cscw305,cscw358,cscw624,cscw599,cscw315,cscw290,cscw145",FALSE,TRUE,,,
2013-10-23T02:39:19Z,2013-10-23T02:42:03Z, Karyn Moffatt,cscw240,Robert Ferguson,,"cscw455,cscw210,cscw211,cscw244,cscw295,cscw413,cscw277,cscw221,cscw547,cscw389",cscw455,"cscw295,cscw221,cscw244,cscw211",,"cscw547,cscw389,cscw210,cscw413,cscw277","cscw211,cscw413,cscw624,cscw455,cscw244,cscw295,cscw389","cscw596,cscw559,cscw390,cscw305,cscw358,cscw624,cscw599,cscw315,cscw290,cscw145",FALSE,TRUE,,,
2013-10-23T02:55:17Z,2013-10-23T02:59:49Z, Ido Guy,cscw358,Gloria Mark,,"cscw310,cscw252,cscw599,cscw430,cscw108,cscw308,cscw387,cscw285,cscw369,cscw473","cscw310,cscw308,cscw430","cscw285,cscw599,cscw108",cscw387,"cscw369,cscw473,cscw252","cscw252,cscw310,cscw473,cscw285,cscw599","cscw299,cscw493,cscw100,cscw486,cscw240,cscw609,cscw535,cscw119,cscw399,cscw624",FALSE,FALSE,,,
2013-10-23T03:00:24Z,2013-10-23T03:11:48Z,Chengzhyeng Sun,cscw239,Chengzhyeng Sun,,"cscw566,cscw455,cscw550,cscw488,cscw234,cscw191,cscw352,cscw135,cscw190,cscw527","cscw135,cscw234,cscw190",,,,"cscw190,cscw135,cscw234","cscw596,cscw290,cscw128,cscw608,cscw624,cscw293,cscw654,cscw663,cscw369,cscw227",FALSE,FALSE,,,
2013-10-23T03:09:42Z,2013-10-23T03:20:07Z, Haoqi Zhang,cscw542,Robert Miller,yes,"cscw443,cscw608,cscw211,cscw147,cscw647,cscw233,cscw305,cscw637,cscw431,cscw354",,"cscw305,cscw488,cscw233","cscw487,cscw327,cscw608,cscw596,cscw579,cscw647,cscw431","cscw443,cscw147,cscw354,cscw637,cscw211","cscw191,cscw305,cscw579,cscw293,cscw488","cscw487,cscw488,cscw327,cscw663,cscw596,cscw629,cscw293,cscw191,cscw579,cscw277",TRUE,TRUE,,,wow. I filled out the authorsourcing form.
2013-10-23T03:21:14Z,2013-10-23T03:24:06Z,Munmun De Choudhury,cscw413,Munmun De Choudhury,,"cscw547,cscw355,cscw462,cscw285,cscw221,cscw100,cscw295,cscw369,cscw599,cscw240","cscw547,cscw100","cscw295,cscw221","cscw462,cscw369,cscw285,cscw599,cscw355",cscw240,"cscw355,cscw547,cscw100,cscw285,cscw221,cscw295","cscw474,cscw384,cscw598,cscw399,cscw252,cscw374,cscw624,cscw128,cscw668,cscw409",FALSE,FALSE,,,
2013-10-23T04:25:04Z,2013-10-23T04:28:29Z,Anthony Tomasic,cscw548,John Zimmerman,,"cscw487,cscw586,cscw145,cscw602,cscw440,cscw268,cscw474,cscw389,cscw390,cscw597","cscw597,cscw474,cscw145","cscw586,cscw487,cscw602","cscw389,cscw390","cscw268,cscw440",cscw474,"cscw365,cscw647,cscw248,cscw438,cscw274,cscw584,cscw527,cscw629,cscw188,cscw105",FALSE,FALSE,,,
2013-10-23T06:09:39Z,2013-10-23T06:14:07Z,Alexander Boden,cscw211,,,"cscw142,cscw354,cscw542,cscw494,cscw315,cscw488,cscw147,cscw608,cscw204,cscw240",,"cscw142,cscw494,cscw147",,"cscw204,cscw488,cscw240,cscw608,cscw542,cscw315,cscw354","cscw494,cscw354,cscw147,cscw142","cscw663,cscw390,cscw609,cscw499,cscw333,cscw590,cscw233,cscw517,cscw535,cscw395",FALSE,FALSE,,,Presenter is not yet decided.
2013-10-23T06:48:15Z,2013-10-23T06:49:21Z,Chloe Brown,cscw277,Daniele Quercia,,"cscw648,cscw147,cscw570,cscw305,cscw517,cscw622,cscw527,cscw240,cscw387,cscw409",,"cscw622,cscw409",,"cscw305,cscw517,cscw240,cscw648,cscw387,cscw527,cscw570,cscw147",cscw409,"cscw391,cscw308,cscw530,cscw390,cscw241,cscw493,cscw566,cscw492,cscw482,cscw233",FALSE,FALSE,,,
2013-10-23T07:24:56Z,2013-10-23T07:37:58Z,Peter Tolmie,cscw209,Peter Tolmie,,"cscw222,cscw105,cscw268,cscw356,cscw190,cscw499,cscw535,cscw390,cscw100,cscw389","cscw535,cscw274","cscw268,cscw389,cscw499,cscw100,cscw438,cscw558","cscw178,cscw190,cscw188,cscw620,cscw356","cscw204,cscw241,cscw191,cscw222,cscw105,cscw471,cscw390","cscw274,cscw438,cscw100,cscw390,cscw558,cscw535,cscw204","cscw438,cscw241,cscw274,cscw178,cscw471,cscw204,cscw191,cscw620,cscw188,cscw558",TRUE,TRUE,,,
2013-10-23T07:16:15Z,2013-10-23T07:40:54Z, Lotte Groth Jensen,cscw210,Lotte Groth Jensen,,"cscw494,cscw290,cscw223,cscw663,cscw221,cscw596,cscw389,cscw240,cscw295,cscw315","cscw663,cscw315",cscw290,"cscw221,cscw389","cscw295,cscw240,cscw223,cscw596,cscw494","cscw315,cscw211,cscw663,cscw566,cscw526,cscw229,cscw596,cscw223,cscw530,cscw290","cscw409,cscw387,cscw204,cscw530,cscw277,cscw229,cscw566,cscw517,cscw526,cscw211",FALSE,TRUE,,,
2013-10-23T07:27:55Z,2013-10-23T07:56:41Z,Peter Heinrich,cscw517,Peter Heinrich,,"cscw211,cscw204,cscw277,cscw327,cscw637,cscw268,cscw537,cscw233,cscw390,cscw409",cscw211,"cscw268,cscw409,cscw277,cscw637,cscw537,cscw233",cscw390,"cscw204,cscw327","cscw211,cscw527,cscw537,cscw530,cscw409","cscw527,cscw315,cscw494,cscw295,cscw223,cscw566,cscw526,cscw387,cscw530,cscw210",FALSE,TRUE,,,
2013-10-23T07:58:56Z,2013-10-23T08:01:39Z, Vladimir Filkov,cscw354,Bogdan Vasilescu,,"cscw558,cscw542,cscw488,cscw668,cscw663,cscw550,cscw188,cscw471,cscw211,cscw636","cscw636,cscw488,cscw550","cscw663,cscw188","cscw668,cscw471,cscw558","cscw542,cscw211","cscw211,cscw663,cscw188,cscw542,cscw636,cscw550,cscw488","cscw584,cscw487,cscw609,cscw647,cscw599,cscw495,cscw474,cscw147,cscw579,cscw248",FALSE,FALSE,,,
2013-10-23T08:13:10Z,2013-10-23T08:20:57Z,Bran Knowles,cscw527,"Mark 
Rouncefield",,"cscw570,cscw440,cscw596,cscw409,cscw241,cscw487,cscw387,cscw277,cscw626,cscw390","cscw487,cscw387,cscw596,cscw570,cscw390","cscw440,cscw277",,"cscw241,cscw626,cscw409","cscw390,cscw570,cscw387,cscw487","cscw374,cscw389,cscw526,cscw191,cscw190,cscw274,cscw178,cscw548,cscw438,cscw105",FALSE,FALSE,,,
2013-10-23T08:32:42Z,2013-10-23T08:47:08Z,David Martin,cscw365,David Martin,,"cscw440,cscw629,cscw647,cscw597,cscw548,cscw584,cscw636,cscw223,cscw486,cscw348","cscw629,cscw440,cscw597,cscw647","cscw636,cscw486,cscw584,cscw348,cscw548,cscw223",,,"cscw584,cscw629,cscw647,cscw440,cscw597,cscw223,cscw348","cscw145,cscw431,cscw274,cscw384,cscw369,cscw588,cscw105,cscw188,cscw626,cscw248",FALSE,FALSE,,,
2013-10-23T08:51:41Z,2013-10-23T08:54:26Z," Mark 
Rouncefield",cscw527,,,"cscw570,cscw440,cscw596,cscw409,cscw241,cscw487,cscw387,cscw277,cscw626,cscw390",,"cscw440,cscw596","cscw241,cscw387,cscw390","cscw487,cscw626,cscw570,cscw409,cscw277",,"cscw374,cscw389,cscw526,cscw191,cscw190,cscw274,cscw178,cscw548,cscw438,cscw105",TRUE,FALSE,,,
2013-10-23T09:51:15Z,2013-10-23T09:58:11Z, Lionel Robert,cscw233,Sean Munson,,"cscw648,cscw517,cscw387,cscw542,cscw537,cscw327,cscw487,cscw395,cscw637,cscw596","cscw327,cscw596,cscw395",cscw537,"cscw648,cscw387","cscw487,cscw517,cscw542,cscw637","cscw395,cscw327,cscw596","cscw145,cscw526,cscw624,cscw305,cscw142,cscw390,cscw590,cscw211,cscw647,cscw443",FALSE,FALSE,,,
2013-10-23T10:31:59Z,2013-10-23T10:34:17Z,Carlos Castillo,cscw222,Carlos Castillo,yes,"cscw209,cscw188,cscw191,cscw471,cscw431,cscw576,cscw558,cscw252,cscw390,cscw204",cscw358,"cscw487,cscw413",,,"cscw188,cscw576,cscw327,cscw634,cscw487","cscw634,cscw228,cscw358,cscw108,cscw241,cscw492,cscw413,cscw482,cscw327,cscw487",TRUE,TRUE,,,
2013-10-23T09:56:59Z,2013-10-23T10:38:12Z,Michal Jacovi,cscw387,Michal Jacovi,,"cscw590,cscw527,cscw308,cscw596,cscw277,cscw473,cscw358,cscw108,cscw233,cscw430",,"cscw308,cscw277,cscw233",cscw358,"cscw596,cscw108,cscw527,cscw590,cscw430","cscw277,cscw233,cscw527,cscw308","cscw409,cscw305,cscw566,cscw550,cscw390,cscw648,cscw374,cscw145,cscw598,cscw530",FALSE,FALSE,,,
2013-10-23T10:42:30Z,2013-10-23T10:51:18Z,Ryan Kelly,cscw191,Ryan Kelly,,"cscw390,cscw558,cscw474,cscw626,cscw352,cscw443,cscw293,cscw333,cscw302,cscw228","cscw293,cscw443,cscw352",cscw302,"cscw178,cscw241,cscw626,cscw228,cscw190,cscw222,cscw188,cscw390,cscw253,cscw274","cscw204,cscw474,cscw471,cscw431,cscw333,cscw558","cscw352,cscw443,cscw302","cscw188,cscw253,cscw471,cscw178,cscw204,cscw274,cscw431,cscw190,cscw241,cscw222",TRUE,TRUE,,,
2013-10-23T10:41:31Z,2013-10-23T11:07:19Z,Ai-Ju Huang,cscw119,Ai-Ju Huang,,"cscw355,cscw228,cscw399,cscw299,cscw409,cscw310,cscw339,cscw455,cscw598,cscw499","cscw598,cscw145","cscw299,cscw409,cscw339,cscw358,cscw399,cscw430","cscw221,cscw228,cscw142,cscw499,cscw100,cscw374","cscw486,cscw369,cscw310,cscw493,cscw455,cscw355","cscw399,cscw598,cscw145,cscw142,cscw409","cscw369,cscw358,cscw221,cscw493,cscw374,cscw486,cscw142,cscw145,cscw430,cscw100",TRUE,TRUE,,,
2013-10-23T11:42:08Z,2013-10-23T11:47:53Z,Katie Shilton,cscw227,"Jes A. Koepfler,Katie Shilton",,"cscw648,cscw228,cscw369,cscw384,cscw130,cscw411,cscw430,cscw204,cscw142,cscw530","cscw130,cscw411,cscw530","cscw369,cscw244,cscw223,cscw430","cscw119,cscw204,cscw305,cscw626,cscw608,cscw228,cscw648,cscw542,cscw494,cscw624,cscw277","cscw384,cscw142","cscw411,cscw277,cscw130,cscw223,cscw142,cscw530,cscw608","cscw494,cscw608,cscw223,cscw119,cscw277,cscw626,cscw624,cscw305,cscw542,cscw244",TRUE,TRUE,,,
2013-10-23T12:26:07Z,2013-10-23T12:29:04Z, Robert Walter,cscw268,Nina Valkanova,,"cscw431,cscw145,cscw274,cscw548,cscw474,cscw517,cscw178,cscw586,cscw105,cscw108",cscw586,"cscw548,cscw105,cscw108,cscw431,cscw274",,"cscw178,cscw517,cscw474,cscw145","cscw274,cscw586","cscw191,cscw190,cscw625,cscw253,cscw302,cscw566,cscw492,cscw527,cscw241,cscw356",FALSE,FALSE,,,
2013-10-23T01:32:22Z,2013-10-23T12:30:13Z, Jennifer Mankoff,cscw228,Tawanna Dillahunt,,"cscw130,cscw648,cscw119,cscw369,cscw293,cscw374,cscw558,cscw188,cscw339,cscw227",cscw369,"cscw227,cscw559",,,,"cscw222,cscw559,cscw191,cscw161,cscw204,cscw474,cscw305,cscw430,cscw302,cscw390",TRUE,FALSE,,,
2013-10-23T04:06:23Z,2013-10-23T12:47:11Z,Tanushree Mitra,cscw339,Tanushree Mitra,,"cscw629,cscw228,cscw590,cscw142,cscw119,cscw305,cscw588,cscw145,cscw432,cscw248","cscw590,cscw145,cscw432",cscw588,"cscw119,cscw228,cscw142","cscw305,cscw629,cscw248","cscw413,cscw399,cscw305,cscw387","cscw668,cscw609,cscw105,cscw622,cscw413,cscw369,cscw100,cscw387,cscw399,cscw486",FALSE,TRUE,,,
2013-10-23T12:51:34Z,2013-10-23T12:55:11Z, Kenneth R. Fleischmann,cscw227,Katie Shilton,,"cscw648,cscw228,cscw369,cscw384,cscw130,cscw411,cscw430,cscw204,cscw142,cscw530","cscw130,cscw411,cscw430","cscw369,cscw228,cscw142","cscw384,cscw648,cscw530",cscw204,"cscw411,cscw430,cscw130","cscw494,cscw608,cscw223,cscw119,cscw277,cscw626,cscw624,cscw305,cscw542,cscw244",TRUE,FALSE,,,
2013-10-23T13:06:18Z,2013-10-23T13:16:14Z,Jessica Vitak,cscw624,Jessica Vitak,,"cscw493,cscw455,cscw374,cscw285,cscw399,cscw413,cscw590,cscw244,cscw622,cscw369",cscw285,"cscw299,cscw369,cscw599,cscw493,cscw622","cscw244,cscw455,cscw413","cscw590,cscw374,cscw399","cscw399,cscw285,cscw599,cscw244,cscw299","cscw486,cscw358,cscw299,cscw499,cscw599,cscw100,cscw668,cscw108,cscw145,cscw128",TRUE,TRUE,,,This survey is a fantastic idea! Great work!
2013-10-23T13:12:42Z,2013-10-23T13:16:18Z, John Zimmerman,cscw548,John Zimmerman,,"cscw487,cscw586,cscw145,cscw602,cscw440,cscw268,cscw474,cscw389,cscw390,cscw597",cscw268,"cscw586,cscw602,cscw440,cscw474","cscw389,cscw390","cscw487,cscw597,cscw145","cscw586,cscw474,cscw440,cscw268","cscw365,cscw647,cscw248,cscw438,cscw274,cscw584,cscw527,cscw629,cscw188,cscw105",FALSE,FALSE,,,
2013-10-23T13:16:23Z,2013-10-23T13:24:11Z,Jessica Vitak,cscw399,Jinyoung Kim,,"cscw355,cscw647,cscw285,cscw499,cscw493,cscw430,cscw119,cscw299,cscw409,cscw411",cscw299,"cscw290,cscw609,cscw599,cscw100,cscw409",cscw411,"cscw119,cscw369,cscw243,cscw285,cscw128,cscw499,cscw647,cscw493,cscw455,cscw624,cscw413,cscw355,cscw430","cscw624,cscw100,cscw285,cscw599,cscw299,cscw609","cscw609,cscw100,cscw243,cscw128,cscw455,cscw599,cscw624,cscw413,cscw369,cscw290",TRUE,TRUE,,,"This paper would fit best with other papers looking at privacy and disclosure practices in social media/SNSs, of which there really aren't any among the 20 options (I'd be surprised if there aren't any social media/privacy papers in all of the CSCW papers accepted)."
2013-10-23T13:23:22Z,2013-10-23T13:28:54Z,Michael Muller,cscw590,Michael Muller,,"cscw339,cscw432,cscw233,cscw387,cscw624,cscw493,cscw395,cscw308,cscw588,cscw622","cscw588,cscw339","cscw387,cscw622,cscw624,cscw432,cscw308",cscw493,"cscw395,cscw233","cscw432,cscw211,cscw588,cscw624,cscw494,cscw622,cscw339,cscw223,cscw128,cscw387,cscw486","cscw390,cscw248,cscw211,cscw431,cscw486,cscw188,cscw128,cscw223,cscw494,cscw517",FALSE,TRUE,,,thank you!
2013-10-23T13:57:12Z,2013-10-23T14:03:30Z,Gilly Leshed,cscw559,Gilly Leshed,,"cscw374,cscw302,cscw668,cscw240,cscw389,cscw188,cscw228,cscw455,cscw369",cscw369,"cscw240,cscw228,cscw455","cscw302,cscw389,cscw188,cscw668,cscw374",,,,TRUE,TRUE,,,
2013-10-23T14:05:37Z,2013-10-23T14:08:03Z,Rick Wash,cscw432,Jacob Solomon,,"cscw588,cscw599,cscw100,cscw590,cscw668,cscw248,cscw629,cscw474,cscw339,cscw327","cscw588,cscw590,cscw339","cscw248,cscw474",cscw327,"cscw629,cscw599,cscw668,cscw100","cscw588,cscw629,cscw339,cscw590,cscw474","cscw161,cscw315,cscw105,cscw486,cscw188,cscw391,cscw108,cscw130,cscw317,cscw550",FALSE,FALSE,,,
2013-10-23T14:39:59Z,2013-10-23T14:45:25Z,Yla Tausczik,cscw486,Yla Tausczik,,"cscw499,cscw597,cscw305,cscw365,cscw647,cscw440,cscw668,cscw590,cscw369,cscw253",cscw305,"cscw365,cscw440","cscw369,cscw499,cscw668,cscw647,cscw253","cscw597,cscw590","cscw590,cscw440,cscw305,cscw597","cscw494,cscw626,cscw105,cscw588,cscw431,cscw119,cscw636,cscw221,cscw609,cscw274",TRUE,FALSE,,,
2013-10-23T14:53:50Z,2013-10-23T15:01:25Z,Yla Tausczik,cscw488,Yla Tausczik,,"cscw354,cscw474,cscw333,cscw636,cscw586,cscw315,cscw663,cscw211,cscw239,cscw550","cscw636,cscw663,cscw354",cscw333,"cscw586,cscw315,cscw550,cscw239,cscw211",cscw474,"cscw663,cscw354,cscw474,cscw636,cscw550","cscw369,cscw634,cscw443,cscw188,cscw430,cscw233,cscw542,cscw317,cscw327,cscw668",FALSE,FALSE,,,
2013-10-23T15:01:39Z,2013-10-23T15:23:01Z,Anne Oeldorf-Hirsch,cscw550,Anne Oeldorf-Hirsch,,"cscw474,cscw352,cscw354,cscw636,cscw599,cscw293,cscw609,cscw100,cscw285,cscw488","cscw293,cscw609,cscw599","cscw636,cscw474,cscw354,cscw352","cscw285,cscw100",cscw488,"cscw352,cscw354,cscw285,cscw599,cscw609,cscw293","cscw430,cscw374,cscw339,cscw462,cscw240,cscw493,cscw558,cscw499,cscw391,cscw440",FALSE,FALSE,,,
2013-10-23T15:40:03Z,2013-10-23T15:43:30Z, Carl Gutwin,cscw490,Nelson Wong,,"cscw530,cscw223,cscw637,cscw356,cscw625,cscw602,cscw221,cscw411,cscw229,cscw142","cscw142,cscw637","cscw625,cscw356","cscw221,cscw229,cscw411",cscw602,"cscw625,cscw356,cscw229,cscw142,cscw637","cscw108,cscw188,cscw354,cscw526,cscw517,cscw254,cscw588,cscw473,cscw355,cscw348",FALSE,FALSE,,,
2013-10-23T15:47:39Z,2013-10-23T15:49:26Z,Carl Gutwin,cscw356,Ian Livingston,,"cscw637,cscw535,cscw241,cscw602,cscw620,cscw625,cscw209,cscw190,cscw490,cscw191","cscw620,cscw637",cscw490,cscw190,"cscw602,cscw241,cscw191,cscw209,cscw625,cscw535","cscw190,cscw625,cscw620,cscw490,cscw637,cscw209","cscw471,cscw178,cscw438,cscw492,cscw527,cscw474,cscw566,cscw105,cscw302,cscw274",FALSE,FALSE,,,
2013-10-23T15:42:59Z,2013-10-23T15:57:09Z,Eden Litt,cscw299,"Erin Spottswood,Eden Litt",,"cscw409,cscw413,cscw100,cscw399,cscw374,cscw369,cscw285,cscw493,cscw119,cscw355","cscw493,cscw358,cscw399,cscw374","cscw355,cscw100","cscw369,cscw599,cscw499,cscw455,cscw409,cscw413,cscw395,cscw252,cscw108","cscw462,cscw609,cscw285,cscw624","cscw499,cscw355,cscw624,cscw493,cscw455,cscw358,cscw399,cscw609,cscw462,cscw374,cscw100,cscw285","cscw624,cscw609,cscw108,cscw252,cscw395,cscw499,cscw462,cscw358,cscw599,cscw455",TRUE,TRUE,,,
2013-10-23T15:42:14Z,2013-10-23T16:02:57Z, Michele Burton,cscw462,Karim Said,,"cscw413,cscw333,cscw609,cscw473,cscw550,cscw430,cscw369,cscw599,cscw558,cscw285","cscw550,cscw558","cscw369,cscw609,cscw599","cscw299,cscw243,cscw285,cscw598,cscw473,cscw310,cscw100,cscw624,cscw339,cscw413,cscw333,cscw252,cscw399,cscw430",cscw409,"cscw413,cscw339,cscw399,cscw100,cscw558,cscw550,cscw609","cscw409,cscw624,cscw598,cscw399,cscw299,cscw310,cscw100,cscw243,cscw252,cscw339",TRUE,TRUE,,,
2013-10-23T16:19:18Z,2013-10-23T16:21:51Z,Svetlana Yarosh,cscw244,Svetlana Yarosh,,"cscw333,cscw240,cscw253,cscw624,cscw142,cscw409,cscw625,cscw369,cscw609,cscw430","cscw624,cscw333,cscw253",cscw142,cscw430,"cscw240,cscw369,cscw609,cscw625,cscw409","cscw253,cscw333","cscw233,cscw399,cscw339,cscw145,cscw499,cscw119,cscw243,cscw299,cscw221,cscw211",TRUE,FALSE,,,
2013-10-23T16:29:11Z,2013-10-23T16:31:32Z,Walter Lasecki,cscw647,Walter Lasecki,,"cscw626,cscw411,cscw440,cscw486,cscw317,cscw637,cscw374,cscw105,cscw365,cscw305","cscw486,cscw440",cscw365,"cscw305,cscw626,cscw374,cscw637,cscw411","cscw105,cscw317","cscw317,cscw440,cscw105","cscw499,cscw443,cscw233,cscw240,cscw254,cscw597,cscw584,cscw474,cscw599,cscw128",FALSE,FALSE,,,
2013-10-23T17:26:49Z,2013-10-23T17:36:16Z, Jes A. Koepfler,cscw227,Katie Shilton,,"cscw648,cscw228,cscw369,cscw384,cscw130,cscw411,cscw430,cscw204,cscw142,cscw530",cscw130,"cscw244,cscw223,cscw542,cscw142,cscw277,cscw411","cscw119,cscw305,cscw626,cscw608,cscw228,cscw648,cscw494,cscw624,cscw530","cscw204,cscw384,cscw369,cscw430","cscw411,cscw430,cscw130","cscw494,cscw608,cscw223,cscw119,cscw277,cscw626,cscw624,cscw305,cscw542,cscw244",TRUE,FALSE,,,"The content of the paper is values, but the paper itself is a methods paper so it could fit equally well with other papers that tackle values and cultural/social norms or with other methods-based papers."
2013-10-23T17:32:28Z,2013-10-23T17:38:38Z,Pamela Wisniewski,cscw499,Pamela Wisniewski,,"cscw389,cscw411,cscw647,cscw209,cscw547,cscw100,cscw668,cscw305,cscw609,cscw221","cscw609,cscw100","cscw221,cscw547,cscw389,cscw668,cscw413,cscw399","cscw486,cscw602,cscw290,cscw128,cscw494,cscw624","cscw119,cscw305,cscw293,cscw209,cscw647,cscw411","cscw399,cscw100,cscw609","cscw119,cscw290,cscw293,cscw399,cscw413,cscw602,cscw624,cscw128,cscw494,cscw486",TRUE,TRUE,,,
2013-10-23T17:39:01Z,2013-10-23T17:44:46Z, Jes A. Koepfler,cscw586,Derek Hansen,,"cscw440,cscw108,cscw488,cscw548,cscw431,cscw369,cscw274,cscw268,cscw145,cscw588","cscw588,cscw268,cscw108,cscw145","cscw488,cscw369,cscw431,cscw274",,"cscw548,cscw440","cscw588,cscw145","cscw295,cscw636,cscw494,cscw305,cscw486,cscw161,cscw223,cscw530,cscw348,cscw487",FALSE,FALSE,,,
2013-10-23T17:44:48Z,2013-10-23T18:02:59Z, James Clawson,cscw295,Maia Jacobs,,"cscw596,cscw588,cscw223,cscw100,cscw413,cscw547,cscw290,cscw211,cscw240,cscw221","cscw221,cscw240",cscw100,"cscw588,cscw547,cscw223","cscw290,cscw596,cscw413,cscw211","cscw211,cscw100,cscw221,cscw240","cscw210,cscw390,cscw517,cscw145,cscw161,cscw526,cscw389,cscw384,cscw663,cscw348",FALSE,TRUE,,,
2013-10-23T18:08:00Z,2013-10-23T18:09:22Z, Elizabeth Gerber,cscw542,Robert Miller,yes,"cscw443,cscw608,cscw211,cscw147,cscw647,cscw233,cscw305,cscw637,cscw431,cscw354",,"cscw443,cscw233,cscw211","cscw305,cscw647,cscw431,cscw354,cscw637","cscw608,cscw147","cscw211,cscw233,cscw647,cscw305,cscw443","cscw487,cscw488,cscw327,cscw663,cscw596,cscw629,cscw293,cscw191,cscw579,cscw277",FALSE,FALSE,,,
2013-10-23T18:06:45Z,2013-10-23T18:09:39Z, Pernille Bjorn,cscw147,Stina Matthiesen,,"cscw647,cscw492,cscw305,cscw277,cscw354,cscw211,cscw542,cscw608,cscw622,cscw493","cscw492,cscw277,cscw211","cscw305,cscw493,cscw622",,"cscw608,cscw542,cscw647,cscw354","cscw211,cscw493,cscw492,cscw608","cscw648,cscw579,cscw663,cscw596,cscw487,cscw233,cscw443,cscw482,cscw327,cscw241",FALSE,FALSE,,,
2013-10-23T18:06:45Z,2013-10-23T18:09:41Z, Pernille Bjorn,cscw147,Stina Matthiesen,,"cscw647,cscw492,cscw305,cscw277,cscw354,cscw211,cscw542,cscw608,cscw622,cscw493","cscw492,cscw277,cscw211","cscw305,cscw493,cscw622",,"cscw608,cscw542,cscw647,cscw354","cscw211,cscw493,cscw492,cscw608","cscw648,cscw579,cscw663,cscw596,cscw487,cscw233,cscw443,cscw482,cscw327,cscw241",FALSE,FALSE,,,
2013-10-23T18:12:35Z,2013-10-23T18:13:48Z, Elizabeth Gerber,cscw588,Julie Hui,,"cscw274,cscw634,cscw339,cscw105,cscw432,cscw248,cscw629,cscw494,cscw369,cscw590","cscw590,cscw432,cscw339","cscw369,cscw629,cscw248,cscw105,cscw494",,"cscw634,cscw274","cscw432,cscw629,cscw339,cscw590,cscw248,cscw105","cscw474,cscw327,cscw668,cscw440,cscw305,cscw188,cscw579,cscw586,cscw548,cscw486",FALSE,FALSE,,,
2013-10-23T18:13:16Z,2013-10-23T18:17:10Z,Ruogu Kang,cscw443,Ruogu Kang,,"cscw487,cscw542,cscw191,cscw352,cscw579,cscw333,cscw293,cscw327,cscw596,cscw626",,"cscw487,cscw293,cscw327,cscw191,cscw542",cscw333,"cscw626,cscw596,cscw579,cscw352","cscw626,cscw542,cscw579","cscw488,cscw305,cscw147,cscw647,cscw494,cscw608,cscw384,cscw663,cscw637,cscw233",FALSE,FALSE,,,
2013-10-23T18:18:50Z,2013-10-23T18:22:29Z, Michael Greenberg,cscw588,Julie Hui,,"cscw274,cscw634,cscw339,cscw105,cscw432,cscw248,cscw629,cscw494,cscw369,cscw590","cscw590,cscw494,cscw432,cscw339","cscw369,cscw248",,"cscw634,cscw105,cscw274","cscw432,cscw339,cscw590","cscw474,cscw327,cscw668,cscw440,cscw305,cscw188,cscw579,cscw586,cscw548,cscw486",TRUE,FALSE,,,
2013-10-23T18:29:39Z,2013-10-23T18:33:57Z, Meredith Morris,cscw550,Anne Oeldorf-Hirsch,,"cscw474,cscw352,cscw354,cscw636,cscw599,cscw293,cscw609,cscw100,cscw285,cscw488","cscw609,cscw599",cscw352,"cscw462,cscw636,cscw488,cscw240,cscw285,cscw440,cscw499,cscw474,cscw100,cscw493,cscw374,cscw339,cscw391,cscw354,cscw430,cscw558",cscw293,"cscw352,cscw440,cscw100,cscw391,cscw599,cscw558,cscw462,cscw609,cscw293","cscw430,cscw374,cscw339,cscw462,cscw240,cscw493,cscw558,cscw499,cscw391,cscw440",TRUE,TRUE,,,
2013-10-23T18:29:39Z,2013-10-23T18:34:03Z, Meredith Morris,cscw550,Anne Oeldorf-Hirsch,,"cscw474,cscw352,cscw354,cscw636,cscw599,cscw293,cscw609,cscw100,cscw285,cscw488","cscw609,cscw599",cscw352,"cscw462,cscw636,cscw488,cscw240,cscw285,cscw440,cscw499,cscw474,cscw100,cscw493,cscw374,cscw339,cscw391,cscw354,cscw430,cscw558",cscw293,"cscw352,cscw440,cscw100,cscw391,cscw599,cscw558,cscw462,cscw609,cscw293","cscw430,cscw374,cscw339,cscw462,cscw240,cscw493,cscw558,cscw499,cscw391,cscw440",TRUE,TRUE,,,
2013-10-23T18:34:39Z,2013-10-23T18:37:36Z,Meredith Morris,cscw100,Meredith Morris,,"cscw550,cscw599,cscw295,cscw221,cscw413,cscw499,cscw209,cscw473,cscw389,cscw609",cscw413,"cscw609,cscw389,cscw499","cscw119,cscw295,cscw221,cscw285,cscw598,cscw599,cscw473,cscw209,cscw668,cscw310,cscw493,cscw622,cscw624,cscw374,cscw550,cscw252",,"cscw252,cscw599,cscw389,cscw550,cscw609","cscw310,cscw598,cscw374,cscw668,cscw493,cscw119,cscw285,cscw252,cscw624,cscw622",TRUE,TRUE,,,
2013-10-23T18:37:58Z,2013-10-23T18:41:44Z,Meredith Morris,cscw558,Meredith Morris,,"cscw550,cscw462,cscw354,cscw599,cscw293,cscw474,cscw390,cscw609,cscw228,cscw598",cscw462,"cscw204,cscw609,cscw599","cscw636,cscw293,cscw240,cscw191,cscw387,cscw598,cscw474,cscw188,cscw209,cscw647,cscw317,cscw354,cscw277,cscw390",cscw550,"cscw191,cscw188,cscw647,cscw599,cscw550,cscw609,cscw293,cscw462","cscw317,cscw209,cscw188,cscw387,cscw191,cscw204,cscw240,cscw636,cscw277,cscw647",TRUE,TRUE,,,
2013-10-23T15:32:40Z,2013-10-23T19:14:15Z, Chien Wen Yuan,cscw119,Ai-Ju Huang,,"cscw355,cscw228,cscw399,cscw299,cscw409,cscw310,cscw339,cscw455,cscw598,cscw499",,"cscw228,cscw598,cscw409","cscw499,cscw310,cscw455","cscw299,cscw339,cscw355,cscw399","cscw399,cscw598,cscw228","cscw369,cscw358,cscw221,cscw493,cscw374,cscw486,cscw142,cscw145,cscw430,cscw100",FALSE,FALSE,,,
2013-10-23T18:56:11Z,2013-10-23T19:34:50Z,Haiyi Zhu,cscw597,Haiyi Zhu,,"cscw636,cscw626,cscw365,cscw548,cscw317,cscw254,cscw105,cscw647,cscw599,cscw440","cscw626,cscw105,cscw317,cscw254","cscw636,cscw365,cscw548,cscw440,cscw599,cscw647",,,cscw254,"cscw387,cscw486,cscw629,cscw188,cscw584,cscw550,cscw293,cscw411,cscw499,cscw432",FALSE,FALSE,,,
2013-10-23T18:13:41Z,2013-10-23T19:46:02Z,Julie Hui,cscw588,Julie Hui,,"cscw274,cscw634,cscw339,cscw105,cscw432,cscw248,cscw629,cscw494,cscw369,cscw590","cscw248,cscw105,cscw590,cscw494,cscw432,cscw339","cscw369,cscw629,cscw274",,cscw634,"cscw586,cscw432,cscw629,cscw494,cscw188,cscw339,cscw590,cscw248,cscw305,cscw105,cscw369,cscw486","cscw474,cscw327,cscw668,cscw440,cscw305,cscw188,cscw579,cscw586,cscw548,cscw486",TRUE,TRUE,,,
2013-10-23T20:37:55Z,2013-10-23T20:48:16Z,Allison Sauppé,cscw142,Allison Sauppé,,"cscw625,cscw240,cscw339,cscw211,cscw253,cscw244,cscw119,cscw490,cscw409,cscw624","cscw490,cscw253","cscw625,cscw409,cscw211","cscw119,cscw339","cscw240,cscw244,cscw624","cscw253,cscw211,cscw490","cscw145,cscw395,cscw233,cscw108,cscw221,cscw299,cscw369,cscw358,cscw243,cscw499",FALSE,FALSE,,,
2013-10-23T21:07:59Z,2013-10-23T21:17:11Z, Bilge Mutlu,cscw142,Allison Sauppé,,"cscw625,cscw240,cscw339,cscw211,cscw253,cscw244,cscw119,cscw490,cscw409,cscw624","cscw490,cscw339","cscw409,cscw253,cscw211",cscw240,"cscw119,cscw244,cscw625,cscw624","cscw211,cscw339,cscw490,cscw409","cscw145,cscw395,cscw233,cscw108,cscw221,cscw299,cscw369,cscw358,cscw243,cscw499",FALSE,FALSE,,,
2013-10-23T21:48:00Z,2013-10-23T21:59:11Z,Catherine Grevet,cscw430,Catherine Grevet,,"cscw254,cscw108,cscw409,cscw602,cscw598,cscw369,cscw358,cscw399,cscw654,cscw431","cscw598,cscw108","cscw654,cscw431,cscw399",,"cscw602,cscw369,cscw409,cscw358,cscw254","cscw431,cscw119,cscw399,cscw598,cscw108,cscw299","cscw228,cscw243,cscw310,cscw387,cscw299,cscw293,cscw374,cscw119,cscw609,cscw599",FALSE,TRUE,,,
2013-10-23T22:00:54Z,2013-10-23T22:07:12Z, Max Birk,cscw356,Ian Livingston,,"cscw637,cscw535,cscw241,cscw602,cscw620,cscw625,cscw209,cscw190,cscw490,cscw191",cscw637,"cscw190,cscw620,cscw625","cscw178,cscw302,cscw602,cscw241,cscw566,cscw191,cscw105,cscw527,cscw474,cscw209,cscw471,cscw492,cscw490,cscw438,cscw535,cscw274",,,"cscw471,cscw178,cscw438,cscw492,cscw527,cscw474,cscw566,cscw105,cscw302,cscw274",TRUE,FALSE,,,
2013-10-23T22:05:20Z,2013-10-23T22:16:24Z, Leysia Palen,cscw243,Joanne White,,"cscw579,cscw599,cscw430,cscw333,cscw413,cscw285,cscw487,cscw409,cscw471,cscw188","cscw487,cscw369,cscw579","cscw599,cscw188,cscw471","cscw285,cscw409,cscw333","cscw413,cscw430","cscw411,cscw315,cscw413,cscw188,cscw471,cscw399,cscw599,cscw579,cscw369,cscw487","cscw369,cscw547,cscw499,cscw315,cscw399,cscw624,cscw299,cscw609,cscw462,cscw411",TRUE,TRUE,,,"I really want to make sure that the scheduling of my paper will conflict with my former student's, Kate Starbird's, paper. I want to be there to see her or her student present, though I am betting we will be put in the same session, so if so, that of course solves the problem. Thank you! :-) Leysia"
2013-10-23T21:54:30Z,2013-10-23T22:19:51Z,Lisa Miller,cscw384,Lisa Miller,,"cscw390,cscw602,cscw494,cscw566,cscw663,cscw161,cscw586,cscw474,cscw285,cscw355",cscw663,"cscw602,cscw285,cscw474,cscw494,cscw390","cscw586,cscw161,cscw355",cscw566,"cscw663,cscw390,cscw602","cscw369,cscw274,cscw348,cscw486,cscw223,cscw413,cscw128,cscw440,cscw530,cscw145",FALSE,FALSE,,,
2013-10-23T22:45:23Z,2013-10-23T22:47:56Z,Daniele Quercia,cscw161,Daniele Quercia,,"cscw493,cscw128,cscw274,cscw411,cscw634,cscw474,cscw228,cscw584,cscw387,cscw384","cscw584,cscw228","cscw411,cscw274",,"cscw384,cscw387,cscw128,cscw493","cscw584,cscw411,cscw493,cscw228","cscw348,cscw285,cscw390,cscw413,cscw391,cscw530,cscw145,cscw598,cscw535,cscw602",FALSE,FALSE,,,
2013-10-23T22:48:13Z,2013-10-23T22:50:09Z, Daniele Quercia,cscw277,Daniele Quercia,,"cscw648,cscw147,cscw570,cscw305,cscw517,cscw622,cscw527,cscw240,cscw387,cscw409","cscw622,cscw409","cscw305,cscw648",,"cscw517,cscw240,cscw387,cscw527,cscw570,cscw147","cscw648,cscw622,cscw409","cscw391,cscw308,cscw530,cscw390,cscw241,cscw493,cscw566,cscw492,cscw482,cscw233",FALSE,FALSE,,,
2013-10-23T23:41:45Z,2013-10-23T23:48:35Z,Davd Ribes,cscw223,Davd Ribes,,"cscw530,cscw210,cscw369,cscw625,cscw663,cscw487,cscw411,cscw229,cscw482,cscw490","cscw365,cscw663,cscw210","cscw482,cscw490",cscw530,"cscw487,cscw369,cscw229,cscw625,cscw411","cscw411,cscw210,cscw663,cscw229,cscw530,cscw487","cscw590,cscw626,cscw384,cscw636,cscw517,cscw308,cscw274,cscw365,cscw161,cscw637",TRUE,FALSE,,,I am also the author of the kernel of a research infrastructure article... so...
2013-10-23T23:48:45Z,2013-10-23T23:53:30Z,David Ribes,cscw530,David Ribes,,"cscw384,cscw223,cscw490,cscw626,cscw487,cscw204,cscw663,cscw411,cscw482,cscw229","cscw482,cscw663,cscw411","cscw204,cscw566","cscw384,cscw626,cscw223","cscw487,cscw229,cscw490,cscw274","cscw663,cscw229,cscw223","cscw274,cscw668,cscw527,cscw636,cscw494,cscw625,cscw566,cscw634,cscw637,cscw409",TRUE,FALSE,,,I am the author of ethnography of scaling... so these shouldn't overlap.
2013-10-24T03:52:08Z,2013-10-24T04:00:24Z,Joy Kim,cscw254,Joy Kim,,"cscw430,cscw395,cscw584,cscw647,cscw310,cscw317,cscw305,cscw597,cscw494,cscw253",,"cscw597,cscw310,cscw395",cscw253,"cscw305,cscw584,cscw647,cscw494,cscw317,cscw430","cscw310,cscw395,cscw305,cscw597","cscw105,cscw440,cscw411,cscw431,cscw550,cscw499,cscw629,cscw432,cscw579,cscw315",FALSE,FALSE,,,
2013-10-24T04:03:36Z,2013-10-24T04:08:24Z, Alan Borning,cscw431,Caitlin Bonnar,,"cscw598,cscw108,cscw188,cscw430,cscw654,cscw542,cscw390,cscw268,cscw599,cscw474","cscw268,cscw108,cscw430","cscw654,cscw598,cscw474","cscw542,cscw599,cscw390",cscw188,"cscw430,cscw268,cscw108,cscw654","cscw586,cscw558,cscw440,cscw191,cscw209,cscw647,cscw145,cscw584,cscw248,cscw204",FALSE,FALSE,,,
2013-10-23T03:57:14Z,2013-10-24T10:50:22Z, Shiri Kremer-Davidson,cscw358,"Michal Jacovi,Gloria Mark",,"cscw310,cscw252,cscw599,cscw430,cscw108,cscw308,cscw387,cscw285,cscw369,cscw473",,"cscw285,cscw310","cscw387,cscw108,cscw308,cscw430","cscw369,cscw599,cscw473,cscw252","cscw310,cscw599,cscw387","cscw299,cscw493,cscw100,cscw486,cscw240,cscw609,cscw535,cscw119,cscw399,cscw624",FALSE,FALSE,,,
2013-10-24T10:51:06Z,2013-10-24T10:55:14Z, Shiri Kremer-Davidson,cscw387,Michal Jacovi,,"cscw590,cscw527,cscw308,cscw596,cscw277,cscw473,cscw358,cscw108,cscw233,cscw430",,cscw277,"cscw596,cscw527,cscw308,cscw358","cscw108,cscw473,cscw590,cscw233,cscw430","cscw430,cscw358,cscw527","cscw409,cscw305,cscw566,cscw550,cscw390,cscw648,cscw374,cscw145,cscw598,cscw530",FALSE,FALSE,,,
2013-10-24T13:21:29Z,2013-10-24T13:32:42Z,Cheryl Savery,cscw190,Cheryl Savery,,"cscw135,cscw620,cscw209,cscw239,cscw234,cscw302,cscw356,cscw105,cscw178,cscw535",cscw135,"cscw620,cscw356","cscw178,cscw105,cscw234,cscw239","cscw302,cscw209,cscw535","cscw135,cscw356,cscw620,cscw302,cscw209","cscw253,cscw471,cscw492,cscw241,cscw625,cscw274,cscw527,cscw191,cscw566,cscw438",TRUE,FALSE,,,
2013-10-24T12:59:46Z,2013-10-24T13:51:18Z,Libby Hemphill,cscw654,Libby Hemphill,,"cscw622,cscw145,cscw430,cscw598,cscw252,cscw369,cscw431,cscw624,cscw142,cscw108","cscw598,cscw108,cscw431,cscw430",,cscw142,"cscw145,cscw622,cscw624,cscw252",cscw369,"cscw233,cscw221,cscw339,cscw240,cscw243,cscw299,cscw358,cscw211,cscw253,cscw119",FALSE,FALSE,,,
2013-10-24T13:55:30Z,2013-10-24T13:59:16Z,Rabindra Ratan,cscw637,Rabindra Ratan,,"cscw223,cscw369,cscw233,cscw517,cscw305,cscw537,cscw327,cscw625,cscw356,cscw542","cscw327,cscw356,cscw233","cscw305,cscw542,cscw537",cscw517,"cscw369,cscw223,cscw625","cscw233,cscw356,cscw305,cscw537","cscw145,cscw530,cscw586,cscw443,cscw626,cscw602,cscw487,cscw647,cscw486,cscw490",FALSE,FALSE,,,
2013-10-24T14:06:59Z,2013-10-24T14:08:49Z, Nick Graham,cscw190,Cheryl Savery,yes,"cscw135,cscw620,cscw209,cscw239,cscw234,cscw302,cscw356,cscw105,cscw178,cscw535","cscw620,cscw356,cscw535","cscw178,cscw135,cscw209","cscw234,cscw239","cscw302,cscw105","cscw356,cscw620,cscw178,cscw535","cscw253,cscw471,cscw492,cscw241,cscw625,cscw274,cscw527,cscw191,cscw566,cscw438",FALSE,FALSE,,,
2013-10-24T14:08:05Z,2013-10-24T14:09:52Z,Andrea Forte,cscw609,Andrea Forte,,"cscw389,cscw558,cscw599,cscw285,cscw550,cscw399,cscw440,cscw499,cscw462,cscw547","cscw599,cscw550",cscw399,"cscw547,cscw285,cscw440,cscw389,cscw558","cscw462,cscw499","cscw499,cscw399,cscw285,cscw599,cscw550","cscw636,cscw493,cscw413,cscw624,cscw354,cscw100,cscw668,cscw244,cscw430,cscw486",FALSE,FALSE,,,
2013-10-24T14:22:14Z,2013-10-24T14:36:18Z,Stina Matthiesen,cscw147,Stina Matthiesen,,"cscw647,cscw492,cscw305,cscw277,cscw354,cscw211,cscw542,cscw608,cscw622,cscw493","cscw493,cscw211","cscw492,cscw354",cscw622,"cscw305,cscw608,cscw542,cscw647,cscw277","cscw211,cscw493,cscw354,cscw542,cscw608","cscw648,cscw579,cscw663,cscw596,cscw487,cscw233,cscw443,cscw482,cscw327,cscw241",FALSE,FALSE,,,
2013-10-24T16:08:49Z,2013-10-24T16:12:16Z, Kenneth Anderson,cscw243,Joanne White,,"cscw579,cscw599,cscw430,cscw333,cscw413,cscw285,cscw487,cscw409,cscw471,cscw188","cscw579,cscw188,cscw471","cscw487,cscw285,cscw599,cscw430","cscw409,cscw413,cscw333",,"cscw188,cscw471,cscw579","cscw369,cscw547,cscw499,cscw315,cscw399,cscw624,cscw299,cscw609,cscw462,cscw411",FALSE,FALSE,,,
2013-10-24T19:32:55Z,2013-10-24T19:39:06Z, Rich Gazan,cscw384,"Rich Gazan,Lisa Miller",,"cscw390,cscw602,cscw494,cscw566,cscw663,cscw161,cscw586,cscw474,cscw285,cscw355","cscw663,cscw530","cscw602,cscw566,cscw285,cscw223","cscw440,cscw128,cscw145,cscw355","cscw586,cscw161,cscw474,cscw494,cscw413,cscw390",,"cscw369,cscw274,cscw348,cscw486,cscw223,cscw413,cscw128,cscw440,cscw530,cscw145",TRUE,FALSE,,,
2013-10-24T19:38:09Z,2013-10-24T19:45:41Z,Ge Gao,cscw537,Ge Gao,,"cscw369,cscw244,cscw327,cscw624,cscw517,cscw142,cscw233,cscw637,cscw119,cscw211","cscw142,cscw624,cscw637","cscw119,cscw327,cscw244",cscw517,"cscw369,cscw233,cscw211","cscw119,cscw624,cscw244,cscw142,cscw637","cscw108,cscw253,cscw221,cscw339,cscw243,cscw145,cscw358,cscw395,cscw299,cscw240",FALSE,FALSE,,,
2013-10-24T19:58:56Z,2013-10-24T20:03:12Z,Joanne White,cscw243,Joanne White,,"cscw579,cscw599,cscw430,cscw333,cscw413,cscw285,cscw487,cscw409,cscw471,cscw188","cscw487,cscw369,cscw579",,"cscw462,cscw609,cscw547,cscw499,cscw471,cscw315,cscw624,cscw409,cscw333","cscw299,cscw285,cscw599,cscw188,cscw413,cscw411,cscw399,cscw430","cscw471,cscw599,cscw369,cscw487","cscw369,cscw547,cscw499,cscw315,cscw399,cscw624,cscw299,cscw609,cscw462,cscw411",TRUE,TRUE,,,
2013-10-24T20:32:04Z,2013-10-24T20:45:45Z,Gabriel Mugar,cscw602,Gabriel Mugar,,"cscw390,cscw626,cscw487,cscw356,cscw566,cscw384,cscw663,cscw625,cscw499,cscw548",cscw625,"cscw487,cscw305,cscw566,cscw663,cscw474,cscw494,cscw356",,"cscw384,cscw626,cscw548,cscw499,cscw390,cscw550",,"cscw550,cscw494,cscw490,cscw637,cscw430,cscw474,cscw305,cscw558,cscw248,cscw130",TRUE,TRUE,,,
2013-10-24T04:09:55Z,2013-10-24T21:45:22Z,Justin Cheng,cscw248,Justin Cheng,yes,"cscw602,cscw588,cscw579,cscw432,cscw440,cscw590,cscw339,cscw305,cscw315,cscw629","cscw629,cscw432,cscw339","cscw588,cscw579","cscw305,cscw602,cscw440,cscw590,cscw315",,"cscw431,cscw317,cscw432,cscw629,cscw339","cscw100,cscw108,cscw354,cscw558,cscw550,cscw499,cscw317,cscw548,cscw431,cscw391",FALSE,TRUE,,,
2013-10-25T10:19:29Z,2013-10-25T10:29:07Z, Alan Chamberlain,cscw204,Alan Chamberlain,,"cscw558,cscw409,cscw390,cscw228,cscw130,cscw227,cscw530,cscw241,cscw369,cscw482","cscw482,cscw369,cscw241,cscw228",cscw409,"cscw130,cscw227,cscw390,cscw530,cscw558",,"cscw211,cscw228,cscw241,cscw482,cscw369","cscw210,cscw191,cscw277,cscw471,cscw188,cscw233,cscw517,cscw222,cscw431,cscw211",FALSE,TRUE,,,
2013-10-25T14:24:57Z,2013-10-25T14:37:26Z,John Rooksby,cscw229,John Rooksby,,"cscw566,cscw530,cscw387,cscw211,cscw295,cscw411,cscw495,cscw223,cscw663,cscw490","cscw223,cscw663","cscw204,cscw517,cscw295,cscw526,cscw566,cscw315,cscw210,cscw411,cscw211",,"cscw387,cscw527,cscw495,cscw494,cscw490,cscw409,cscw390,cscw233,cscw530","cscw411,cscw663,cscw527,cscw223,cscw295","cscw526,cscw210,cscw315,cscw390,cscw233,cscw494,cscw527,cscw517,cscw409,cscw204",TRUE,TRUE,,,
2013-10-25T17:31:18Z,2013-10-25T17:53:34Z, Jonathan Grudin,cscw473,Jonathan Grudin,,"cscw100,cscw310,cscw599,cscw252,cscw387,cscw462,cscw374,cscw358,cscw308,cscw128","cscw387,cscw100","cscw462,cscw599,cscw128,cscw310,cscw493,cscw358,cscw252,cscw399,cscw430","cscw490,cscw530","cscw299,cscw119,cscw598,cscw108,cscw624,cscw374,cscw308",,"cscw530,cscw430,cscw399,cscw119,cscw598,cscw108,cscw624,cscw493,cscw299,cscw490",TRUE,FALSE,,,"Interesting. I will be in the Lasting Impact Award session so should not conflict with that one, and if there is any session on assessing CSCW organizational issues other than the Town Hall might avoid a conflict there as well."
2013-10-26T13:03:13Z,2013-10-26T13:07:55Z,Chris Preist,cscw188,Chris Preist,,"cscw431,cscw487,cscw629,cscw559,cscw369,cscw471,cscw243,cscw228,cscw579,cscw597","cscw487,cscw629,cscw228","cscw597,cscw431",,"cscw369,cscw243,cscw579,cscw471,cscw559","cscw629,cscw228,cscw559,cscw369,cscw487","cscw548,cscw317,cscw390,cscw354,cscw222,cscw482,cscw191,cscw584,cscw204,cscw474",FALSE,FALSE,,,
2013-10-27T10:04:04Z,2013-10-27T10:07:41Z, Takuji Narumi,cscw253,Naoto Nakazato,,"cscw142,cscw274,cscw268,cscw310,cscw625,cscw254,cscw409,cscw535,cscw486,cscw244","cscw409,cscw254",cscw244,,"cscw486,cscw302,cscw369,cscw241,cscw268,cscw609,cscw191,cscw190,cscw142,cscw599,cscw499,cscw471,cscw310,cscw625,cscw624,cscw535,cscw274",,"cscw624,cscw599,cscw609,cscw471,cscw369,cscw499,cscw302,cscw241,cscw190,cscw191",TRUE,FALSE,,,
2013-10-27T19:49:59Z,2013-10-27T20:01:28Z, Ian Livingston,cscw356,Ian Livingston,,"cscw637,cscw535,cscw241,cscw602,cscw620,cscw625,cscw209,cscw190,cscw490,cscw191","cscw602,cscw241","cscw191,cscw190,cscw209,cscw625,cscw490,cscw535","cscw620,cscw637",,"cscw190,cscw620,cscw490,cscw637","cscw471,cscw178,cscw438,cscw492,cscw527,cscw474,cscw566,cscw105,cscw302,cscw274",TRUE,FALSE,,,
2013-10-28T11:09:45Z,2013-10-28T11:17:30Z,Parantapa Bhattacharya,cscw252,Parantapa Bhattacharya,,"cscw369,cscw576,cscw222,cscw108,cscw598,cscw654,cscw355,cscw622,cscw430,cscw128","cscw654,cscw222,cscw598,cscw622,cscw355,cscw430","cscw369,cscw108,cscw128",cscw576,,"cscw430,cscw355,cscw622,cscw598,cscw108,cscw222,cscw128,cscw369,cscw654","cscw395,cscw634,cscw285,cscw374,cscw310,cscw119,cscw413,cscw648,cscw100,cscw299",FALSE,FALSE,,,
2013-10-28T14:54:46Z,2013-10-28T15:01:21Z,Heather Willever-Farr,cscw668,Heather Willever-Farr,,"cscw374,cscw624,cscw413,cscw559,cscw609,cscw474,cscw302,cscw274,cscw327,cscw432","cscw327,cscw274",cscw432,,"cscw302,cscw609,cscw474,cscw413,cscw374,cscw559","cscw274,cscw327,cscw302,cscw559,cscw609","cscw590,cscw354,cscw285,cscw530,cscw384,cscw100,cscw499,cscw486,cscw391,cscw588",FALSE,FALSE,,,
2013-10-28T22:22:29Z,2013-10-28T22:26:28Z,Stephanie Steinhardt,cscw663,Stephanie Steinhardt,,"cscw229,cscw602,cscw471,cscw390,cscw354,cscw566,cscw384,cscw488,cscw626,cscw443","cscw602,cscw229,cscw471","cscw443,cscw566,cscw354,cscw390",,"cscw488,cscw384,cscw626","cscw495,cscw471,cscw229,cscw390,cscw602,cscw223","cscw530,cscw315,cscw495,cscw211,cscw305,cscw579,cscw542,cscw647,cscw487,cscw223",FALSE,TRUE,,,
2013-10-29T11:19:59Z,2013-10-29T11:21:53Z,Michael Massimi,cscw455,Michael Massimi,,"cscw239,cscw389,cscw119,cscw285,cscw240,cscw559,cscw399,cscw299,cscw409,cscw624",,"cscw299,cscw119,cscw240,cscw285,cscw624,cscw399,cscw559","cscw389,cscw239",,"cscw119,cscw240","cscw253,cscw128,cscw135,cscw191,cscw647,cscw598",FALSE,FALSE,,,
2013-10-29T11:22:08Z,2013-10-29T11:23:41Z,Michael Massimi,cscw221,Michael Massimi,,"cscw295,cscw100,cscw547,cscw210,cscw413,cscw499,cscw240,cscw305,cscw494,cscw369",cscw295,"cscw305,cscw240,cscw100",cscw369,"cscw547,cscw499,cscw494,cscw210,cscw413","cscw547,cscw100,cscw240","cscw374,cscw315,cscw119,cscw493,cscw535,cscw596,cscw599,cscw389,cscw486,cscw290",FALSE,FALSE,,,
2013-10-29T13:20:31Z,2013-10-29T13:35:32Z, Ning Gu,cscw135,Tun LU,,"cscw239,cscw274,cscw190,cscw243,cscw625,cscw317,cscw234,cscw527,cscw440,cscw229","cscw190,cscw229,cscw625,cscw234,cscw239","cscw243,cscw440,cscw527,cscw317",,cscw274,"cscw239,cscw317,cscw190,cscw234,cscw527,cscw229","cscw482,cscw352,cscw599,cscw277,cscw191,cscw636,cscw455,cscw128,cscw647,cscw530",FALSE,FALSE,,,
2013-10-29T16:25:03Z,2013-10-29T16:40:18Z,Maia Jacobs,cscw295,Maia Jacobs,,"cscw596,cscw588,cscw223,cscw100,cscw413,cscw547,cscw290,cscw211,cscw240,cscw221","cscw240,cscw290",cscw221,"cscw588,cscw547,cscw223,cscw596,cscw413","cscw100,cscw211","cscw210,cscw211,cscw526,cscw100,cscw596,cscw221,cscw240,cscw223,cscw290","cscw210,cscw390,cscw517,cscw145,cscw161,cscw526,cscw389,cscw384,cscw663,cscw348",FALSE,TRUE,,,
2013-10-23T02:51:09Z,2013-10-29T17:31:46Z,Bryan Semaan,cscw108,Bryan Semaan,yes,"cscw586,cscw268,cscw145,cscw598,cscw431,cscw654,cscw430,cscw387,cscw358,cscw310","cscw654,cscw268,cscw598,cscw430","cscw586,cscw145,cscw431","cscw387,cscw358",cscw310,"cscw586,cscw431,cscw430,cscw358,cscw268,cscw654","cscw299,cscw369,cscw308,cscw374,cscw252,cscw609,cscw119,cscw648,cscw494,cscw602",FALSE,FALSE,,,
2013-10-30T02:25:40Z,2013-10-30T02:36:13Z, Jacob Solomon,cscw432,Rick Wash,,"cscw588,cscw599,cscw100,cscw590,cscw668,cscw248,cscw629,cscw474,cscw339,cscw327","cscw588,cscw590,cscw339","cscw327,cscw248",cscw100,"cscw629,cscw599,cscw474,cscw668","cscw339,cscw590,cscw668,cscw327,cscw248","cscw161,cscw315,cscw105,cscw486,cscw188,cscw391,cscw108,cscw130,cscw317,cscw550",TRUE,FALSE,,,
2013-10-30T15:05:27Z,2013-10-30T15:12:36Z,Naoto Nakazato,cscw253,Naoto Nakazato,,"cscw142,cscw274,cscw268,cscw310,cscw625,cscw254,cscw409,cscw535,cscw486,cscw244",,cscw142,,"cscw486,cscw268,cscw244,cscw310,cscw625,cscw409,cscw254,cscw535,cscw274","cscw254,cscw268,cscw142,cscw535,cscw486","cscw624,cscw599,cscw609,cscw471,cscw369,cscw499,cscw302,cscw241,cscw190,cscw191",FALSE,FALSE,,,
2013-10-30T15:00:05Z,2013-10-30T15:38:16Z, Aimee Kane,cscw443,Ruogu Kang,,"cscw487,cscw542,cscw191,cscw352,cscw579,cscw333,cscw293,cscw327,cscw596,cscw626","cscw293,cscw488,cscw608","cscw542,cscw579,cscw333","cscw487,cscw305,cscw384,cscw626,cscw596,cscw494,cscw647,cscw147,cscw637,cscw233,cscw352","cscw327,cscw191,cscw663","cscw494,cscw147,cscw579,cscw637,cscw488,cscw293","cscw488,cscw305,cscw147,cscw647,cscw494,cscw608,cscw384,cscw663,cscw637,cscw233",TRUE,TRUE,,,This is a great way to preview the program and learn about others' work. Thanks for involving us in the process.
2013-10-30T17:04:33Z,2013-10-30T17:11:05Z,Casey Fiesler,cscw495,Casey Fiesler,,"cscw293,cscw634,cscw663,cscw411,cscw223,cscw229,cscw471,cscw586,cscw305,cscw354","cscw634,cscw411","cscw586,cscw305,cscw369,cscw354","cscw487,cscw293,cscw348,cscw229,cscw440,cscw663,cscw161,cscw530,cscw274","cscw486,cscw223,cscw471,cscw494,cscw145","cscw411,cscw634,cscw369","cscw161,cscw348,cscw145,cscw494,cscw487,cscw274,cscw369,cscw530,cscw440,cscw486",TRUE,TRUE,,,
2013-10-30T18:30:59Z,2013-10-30T18:39:10Z, Lu Chen,cscw648,Wenbo Wang,,"cscw438,cscw228,cscw130,cscw227,cscw285,cscw277,cscw233,cscw369,cscw252,cscw622","cscw252,cscw130,cscw622,cscw147,cscw277","cscw369,cscw227,cscw598,cscw241,cscw285,cscw387,cscw108,cscw233",,"cscw228,cscw128,cscw492,cscw586,cscw305,cscw348,cscw438","cscw252,cscw622,cscw598,cscw227,cscw128,cscw369,cscw130,cscw233,cscw285,cscw108,cscw147,cscw241,cscw387","cscw598,cscw128,cscw387,cscw586,cscw147,cscw241,cscw492,cscw305,cscw348,cscw108",TRUE,TRUE,,,
2013-10-30T18:17:54Z,2013-10-30T18:55:45Z,Wenbo Wang,cscw648,Wenbo Wang,,"cscw438,cscw228,cscw130,cscw227,cscw285,cscw277,cscw233,cscw369,cscw252,cscw622","cscw130,cscw369,cscw622,cscw252","cscw227,cscw387,cscw598,cscw438","cscw586,cscw305,cscw348,cscw241,cscw492,cscw147","cscw228,cscw285,cscw108,cscw128,cscw277,cscw233","cscw252,cscw130,cscw233,cscw622,cscw285,cscw227","cscw598,cscw128,cscw387,cscw586,cscw147,cscw241,cscw492,cscw305,cscw348,cscw108",TRUE,FALSE,,,
2013-10-30T18:49:18Z,2013-10-30T18:57:51Z, Sara Kiesler,cscw443,Ruogu Kang,,"cscw487,cscw542,cscw191,cscw352,cscw579,cscw333,cscw293,cscw327,cscw596,cscw626","cscw293,cscw488,cscw608","cscw542,cscw579,cscw333","cscw487,cscw352","cscw327,cscw626,cscw191,cscw596","cscw333,cscw542,cscw327,cscw579,cscw487,cscw293","cscw488,cscw305,cscw147,cscw647,cscw494,cscw608,cscw384,cscw663,cscw637,cscw233",TRUE,FALSE,,,
2013-10-30T23:08:33Z,2013-10-30T23:11:32Z, Yelena Mejova,cscw622,Ruth García-Gavilanes,,"cscw493,cscw494,cscw252,cscw128,cscw648,cscw654,cscw590,cscw277,cscw100,cscw624","cscw590,cscw494,cscw493,cscw624","cscw128,cscw277",,"cscw654,cscw648,cscw100,cscw252","cscw252,cscw277,cscw590,cscw128,cscw654","cscw547,cscw598,cscw285,cscw147,cscw241,cscw634,cscw492,cscw482,cscw369,cscw339",FALSE,FALSE,,,
2013-10-30T23:11:55Z,2013-10-30T23:14:16Z,Yelena Mejova,cscw145,Yelena Mejova,,"cscw409,cscw108,cscw369,cscw387,cscw285,cscw233,cscw620,cscw586,cscw548,cscw268","cscw586,cscw285,cscw108,cscw233","cscw369,cscw268,cscw548,cscw387",,"cscw620,cscw409","cscw586,cscw285,cscw108,cscw369","cscw348,cscw413,cscw530,cscw339,cscw431,cscw390,cscw624,cscw223,cscw119,cscw240",FALSE,FALSE,,,
2013-10-30T23:55:25Z,2013-10-31T00:11:45Z,Reid Priedhorsky,cscw128,Reid Priedhorsky,,"cscw590,cscw274,cscw584,cscw411,cscw473,cscw474,cscw252,cscw622,cscw161,cscw535","cscw285,cscw474,cscw413,cscw252",cscw547,"cscw584,cscw290,cscw648,cscw161,cscw473,cscw499,cscw647,cscw493,cscw622,cscw624,cscw355,cscw411,cscw535","cscw590,cscw274","cscw413,cscw648,cscw647,cscw474,cscw285","cscw285,cscw290,cscw413,cscw499,cscw647,cscw493,cscw624,cscw355,cscw648,cscw547",TRUE,TRUE,,,
2013-10-31T01:48:38Z,2013-10-31T02:15:20Z,Huanhuan Xia,cscw135,Tun LU,,"cscw239,cscw274,cscw190,cscw243,cscw625,cscw317,cscw234,cscw527,cscw440,cscw229","cscw234,cscw239",cscw190,"cscw243,cscw229,cscw440,cscw527,cscw625,cscw317,cscw274",,"cscw317,cscw625","cscw482,cscw352,cscw599,cscw277,cscw191,cscw636,cscw455,cscw128,cscw647,cscw530",FALSE,FALSE,,,
2013-10-31T17:35:41Z,2013-10-31T17:38:05Z, Janaki Srinivasan,cscw482,Aditya Johri,,"cscw492,cscw487,cscw277,cscw147,cscw222,cscw241,cscw223,cscw390,cscw204,cscw530","cscw204,cscw223,cscw492",cscw530,"cscw222,cscw147,cscw277","cscw487,cscw241,cscw390","cscw492,cscw390,cscw223,cscw241,cscw147,cscw530,cscw204","cscw228,cscw191,cscw188,cscw622,cscw558,cscw431,cscw471,cscw209,cscw648,cscw493",FALSE,FALSE,,,
2013-10-31T17:38:13Z,2013-10-31T17:40:16Z, Aditya Johri,cscw636,Aditya Johri,,"cscw558,cscw305,cscw486,cscw348,cscw597,cscw365,cscw599,cscw488,cscw550,cscw354","cscw488,cscw348,cscw354",cscw305,cscw558,"cscw486,cscw365,cscw599,cscw597,cscw550","cscw354,cscw348,cscw488","cscw369,cscw223,cscw384,cscw145,cscw487,cscw440,cscw530,cscw609,cscw494,cscw327",FALSE,FALSE,,,
2013-10-31T17:34:06Z,2013-10-31T17:40:17Z,Q. Vera Liao,cscw576,Q. Vera Liao,,"cscw227,cscw590,cscw222,cscw233,cscw579,cscw548,cscw411,cscw387,cscw637,cscw252",cscw598,"cscw355,cscw252,cscw399","cscw119,cscw608,cscw609,cscw548,cscw222,cscw188,cscw590,cscw620,cscw409,cscw354,cscw637,cscw411,cscw233","cscw227,cscw387,cscw579","cscw252,cscw227","cscw188,cscw608,cscw399,cscw354,cscw609,cscw598,cscw355,cscw119,cscw620,cscw409",TRUE,FALSE,,,
2013-10-31T17:26:45Z,2013-10-31T17:40:49Z,Giovanni Quattrone,cscw584,Giovanni Quattrone,,"cscw317,cscw474,cscw188,cscw647,cscw105,cscw548,cscw254,cscw128,cscw365,cscw161",,"cscw548,cscw161,cscw128,cscw188,cscw474,cscw254",,"cscw365,cscw105,cscw647,cscw317","cscw317,cscw161,cscw188,cscw474,cscw128","cscw354,cscw339,cscw579,cscw486,cscw487,cscw431,cscw391,cscw440,cscw588,cscw432",FALSE,FALSE,,,
2013-10-31T17:32:44Z,2013-10-31T17:41:41Z,Pablo-Alejandro Quinones,cscw526,Pablo-Alejandro Quinones,,"cscw390,cscw527,cscw517,cscw178,cscw233,cscw211,cscw210,cscw566,cscw492,cscw530","cscw178,cscw566,cscw211",cscw492,"cscw210,cscw390,cscw233","cscw517,cscw527,cscw530","cscw211,cscw566,cscw492,cscw178,cscw530","cscw277,cscw570,cscw590,cscw387,cscw223,cscw409,cscw315,cscw204,cscw494,cscw295",FALSE,FALSE,,,
2013-10-31T17:32:40Z,2013-10-31T17:42:08Z,Jarrod Knibbe,cscw390,Jarrod Knibbe,,"cscw558,cscw566,cscw384,cscw389,cscw487,cscw663,cscw526,cscw527,cscw602,cscw548",cscw566,"cscw384,cscw663,cscw527",,"cscw487,cscw602,cscw526,cscw548,cscw389,cscw558","cscw663,cscw548,cscw566,cscw602,cscw558,cscw487","cscw274,cscw228,cscw409,cscw191,cscw285,cscw211,cscw204,cscw599,cscw413,cscw438",FALSE,FALSE,,,
2013-10-31T17:35:48Z,2013-10-31T17:43:46Z, Afra Mashhadi,cscw584,Giovanni Quattrone,,"cscw317,cscw474,cscw188,cscw647,cscw105,cscw548,cscw254,cscw128,cscw365,cscw161","cscw161,cscw188","cscw548,cscw474,cscw647,cscw254",cscw128,"cscw365,cscw105,cscw317","cscw254,cscw161,cscw188,cscw487","cscw354,cscw339,cscw579,cscw486,cscw487,cscw431,cscw391,cscw440,cscw588,cscw432",FALSE,TRUE,,,
2013-10-31T17:42:11Z,2013-10-31T17:44:51Z,Steven Jackson,cscw411,Steven Jackson,,"cscw602,cscw128,cscw499,cscw535,cscw490,cscw530,cscw229,cscw290,cscw495,cscw223","cscw290,cscw495","cscw229,cscw223,cscw530","cscw602,cscw128,cscw499,cscw490,cscw535",,"cscw495,cscw229,cscw223,cscw530,cscw290","cscw432,cscw274,cscw647,cscw387,cscw399,cscw374,cscw550,cscw161,cscw305,cscw315",FALSE,FALSE,,,
2013-10-31T17:38:05Z,2013-10-31T17:45:30Z,Kyungsik (Keith) Han,cscw274,Kyungsik (Keith) Han,,"cscw527,cscw487,cscw438,cscw586,cscw411,cscw369,cscw389,cscw535,cscw310,cscw494","cscw586,cscw535","cscw487,cscw369,cscw438",cscw310,"cscw389,cscw527,cscw494,cscw411","cscw586,cscw438,cscw535,cscw369","cscw128,cscw161,cscw268,cscw302,cscw178,cscw548,cscw486,cscw390,cscw668,cscw190",FALSE,FALSE,,,
2013-10-31T17:33:28Z,2013-10-31T17:47:34Z,Natasa Milic-Frayling,cscw566,Natasa Milic-Frayling,,"cscw663,cscw240,cscw602,cscw191,cscw390,cscw302,cscw384,cscw277,cscw526,cscw105",cscw526,"cscw663,cscw530","cscw602,cscw240,cscw241,cscw190,cscw229,cscw599,cscw471,cscw493,cscw413,cscw390,cscw253","cscw517,cscw302,cscw384,cscw191,cscw105,cscw277","cscw277,cscw191,cscw663,cscw526","cscw530,cscw190,cscw253,cscw229,cscw599,cscw241,cscw493,cscw471,cscw517,cscw413",TRUE,FALSE,,,